site,device,equipment,n_mapped_channels,n_independent_signals,n_dead,n_synthetic_roles,independent_roles,synthetic_roles
site_a,chiller_ch_01,chiller,8,8,0,0,power_W|chw_flow_m3_h|cw_flow_m3_h|tchws_C|tchwr_C|tcws_C|tcwr_C|run_signal,
site_a,chiller_ch_02,chiller,8,8,0,0,power_W|chw_flow_m3_h|cw_flow_m3_h|tchws_C|tchwr_C|tcws_C|tcwr_C|run_signal,
site_a,chiller_ch_03,chiller,8,8,0,0,power_W|chw_flow_m3_h|cw_flow_m3_h|tchws_C|tchwr_C|tcws_C|tcwr_C|run_signal,
site_a,chiller_ch_04,chiller,8,8,0,0,power_W|chw_flow_m3_h|cw_flow_m3_h|tchws_C|tchwr_C|tcws_C|tcwr_C|run_signal,
site_a,chiller_ch_05,chiller,8,8,0,0,power_W|chw_flow_m3_h|cw_flow_m3_h|tchws_C|tchwr_C|tcws_C|tcwr_C|run_signal,
site_a,chiller_ch_06,chiller,8,8,0,0,power_W|chw_flow_m3_h|cw_flow_m3_h|tchws_C|tchwr_C|tcws_C|tcwr_C|run_signal,
site_a,chiller_ch_07,chiller,8,8,0,0,power_W|chw_flow_m3_h|cw_flow_m3_h|tchws_C|tchwr_C|tcws_C|tcwr_C|run_signal,
site_a,cooling_tower_ct_01,cooling_tower,6,5,0,2,power_W|fan1_Hz|fan2_Hz|tcwr_C|tcws_1_C,fan1_Hz|run_signal
site_a,cooling_tower_ct_02,cooling_tower,6,5,0,2,power_W|fan1_Hz|fan2_Hz|tcwr_C|tcws_1_C,fan1_Hz|run_signal
site_a,cooling_tower_ct_03,cooling_tower,6,5,0,2,power_W|fan1_Hz|fan2_Hz|tcwr_C|tcws_1_C,fan1_Hz|run_signal
site_a,cooling_tower_ct_04,cooling_tower,6,5,0,2,power_W|fan1_Hz|fan2_Hz|tcwr_C|tcws_1_C,fan1_Hz|run_signal
site_a,cooling_tower_ct_05,cooling_tower,6,5,0,2,power_W|fan1_Hz|fan2_Hz|tcwr_C|tcws_1_C,fan1_Hz|run_signal
site_a,cooling_tower_ct_06,cooling_tower,3,3,0,0,power_W|tcwr_C|tcws_1_C,
site_a,cooling_tower_ct_07,cooling_tower,3,3,0,0,power_W|tcwr_C|tcws_1_C,
site_a,heat_exchanger_hx_01,heat_exchanger,6,6,0,0,tchws_C|tchwr_C|tcws_C|tcwr_C|chw_flow_m3_h|cw_flow_m3_h,
site_a,heat_exchanger_hx_02,heat_exchanger,0,0,0,0,,
site_a,heat_exchanger_hx_03,heat_exchanger,0,0,0,0,,
site_a,pump_cdwp_01,pump,3,2,0,2,power_W|speed_Hz,run_signal|speed_Hz
site_a,pump_cdwp_02,pump,3,2,0,2,power_W|speed_Hz,run_signal|speed_Hz
site_a,pump_cdwp_03,pump,3,2,0,2,power_W|speed_Hz,run_signal|speed_Hz
site_a,pump_chwp_01,pump,3,2,0,2,power_W|speed_Hz,run_signal|speed_Hz
site_a,pump_chwp_02,pump,3,2,0,2,power_W|speed_Hz,run_signal|speed_Hz
site_a,pump_chwp_03,pump,3,2,0,2,power_W|speed_Hz,run_signal|speed_Hz
site_a,pump_hxcwp_01,pump,3,2,0,2,power_W|speed_Hz,run_signal|speed_Hz
site_a,pump_hxcwp_02,pump,3,2,0,2,power_W|speed_Hz,run_signal|speed_Hz
site_a,pump_hxcwp_03,pump,3,2,0,2,power_W|speed_Hz,run_signal|speed_Hz
tencent,chiller_chi01,chiller,9,9,0,0,power_W|chw_flow_m3_h|cw_flow_m3_h|tchws_C|tchwr_C|tcws_C|tcwr_C|run_signal|load_pct,
tencent,chiller_chi02,chiller,9,9,0,0,power_W|chw_flow_m3_h|cw_flow_m3_h|tchws_C|tchwr_C|tcws_C|tcwr_C|run_signal|load_pct,
tencent,chiller_chi03,chiller,9,9,0,0,power_W|chw_flow_m3_h|cw_flow_m3_h|tchws_C|tchwr_C|tcws_C|tcwr_C|run_signal|load_pct,
tencent,chiller_chi04,chiller,9,9,0,0,power_W|chw_flow_m3_h|cw_flow_m3_h|tchws_C|tchwr_C|tcws_C|tcwr_C|run_signal|load_pct,
tencent,chiller_chi05,chiller,9,9,0,0,power_W|chw_flow_m3_h|cw_flow_m3_h|tchws_C|tchwr_C|tcws_C|tcwr_C|run_signal|load_pct,
tencent,chiller_chi06,chiller,9,9,0,0,power_W|chw_flow_m3_h|cw_flow_m3_h|tchws_C|tchwr_C|tcws_C|tcwr_C|run_signal|load_pct,
tencent,cooling_tower_ct01,cooling_tower,7,7,0,0,power_W|tcws_1_C|tcws_2_C|tcwr_C|run_signal|fan1_Hz|fan2_Hz,
tencent,cooling_tower_ct02,cooling_tower,7,7,0,0,power_W|tcws_1_C|tcws_2_C|tcwr_C|run_signal|fan1_Hz|fan2_Hz,
tencent,cooling_tower_ct03,cooling_tower,7,7,0,0,power_W|tcws_1_C|tcws_2_C|tcwr_C|run_signal|fan1_Hz|fan2_Hz,
tencent,cooling_tower_ct04,cooling_tower,7,7,0,0,power_W|tcws_1_C|tcws_2_C|tcwr_C|run_signal|fan1_Hz|fan2_Hz,
tencent,cooling_tower_ct05,cooling_tower,7,7,0,0,power_W|tcws_1_C|tcws_2_C|tcwr_C|run_signal|fan1_Hz|fan2_Hz,
tencent,cooling_tower_ct06,cooling_tower,7,7,0,0,power_W|tcws_1_C|tcws_2_C|tcwr_C|run_signal|fan1_Hz|fan2_Hz,
tencent,heat_exchanger_hex01,heat_exchanger,6,6,0,0,tchws_C|tchwr_C|tcwr_C|tcws_C|chw_valve_pct|cw_valve_pct,
tencent,heat_exchanger_hex02,heat_exchanger,6,6,0,0,tchws_C|tchwr_C|tcwr_C|tcws_C|chw_valve_pct|cw_valve_pct,
tencent,heat_exchanger_hex03,heat_exchanger,6,6,0,0,tchws_C|tchwr_C|tcwr_C|tcws_C|chw_valve_pct|cw_valve_pct,
tencent,heat_exchanger_hex04,heat_exchanger,6,6,0,0,tchws_C|tchwr_C|tcwr_C|tcws_C|chw_valve_pct|cw_valve_pct,
tencent,heat_exchanger_hex05,heat_exchanger,6,6,0,0,tchws_C|tchwr_C|tcwr_C|tcws_C|chw_valve_pct|cw_valve_pct,
tencent,heat_exchanger_hex06,heat_exchanger,6,6,0,0,tchws_C|tchwr_C|tcwr_C|tcws_C|chw_valve_pct|cw_valve_pct,
tencent,pump_chwp01,pump,3,3,0,0,power_W|run_signal|speed_Hz,
tencent,pump_chwp02,pump,3,3,0,0,power_W|run_signal|speed_Hz,
tencent,pump_chwp03,pump,3,3,0,0,power_W|run_signal|speed_Hz,
tencent,pump_chwp04,pump,3,3,0,0,power_W|run_signal|speed_Hz,
tencent,pump_chwp05,pump,3,3,0,0,power_W|run_signal|speed_Hz,
tencent,pump_chwp06,pump,3,3,0,0,power_W|run_signal|speed_Hz,
tencent,pump_cwp01,pump,3,3,0,0,power_W|run_signal|speed_Hz,
tencent,pump_cwp02,pump,3,3,0,0,power_W|run_signal|speed_Hz,
tencent,pump_cwp03,pump,3,3,0,0,power_W|run_signal|speed_Hz,
tencent,pump_cwp04,pump,3,3,0,0,power_W|run_signal|speed_Hz,
tencent,pump_cwp05,pump,3,3,0,0,power_W|run_signal|speed_Hz,
tencent,pump_cwp06,pump,3,3,0,0,power_W|run_signal|speed_Hz,
hkust,chiller_ch_01,chiller,8,8,0,0,power_W|chw_flow_m3_h|cw_flow_m3_h|tchws_C|tchwr_C|tcws_C|tcwr_C|run_signal,
hkust,chiller_ch_02,chiller,8,8,0,0,power_W|chw_flow_m3_h|cw_flow_m3_h|tchws_C|tchwr_C|tcws_C|tcwr_C|run_signal,
hkust,chiller_ch_03,chiller,8,8,0,0,power_W|chw_flow_m3_h|cw_flow_m3_h|tchws_C|tchwr_C|tcws_C|tcwr_C|run_signal,
hkust,chiller_ch_04,chiller,8,8,0,0,power_W|chw_flow_m3_h|cw_flow_m3_h|tchws_C|tchwr_C|tcws_C|tcwr_C|run_signal,
hkust,chiller_ch_05,chiller,8,8,0,0,power_W|chw_flow_m3_h|cw_flow_m3_h|tchws_C|tchwr_C|tcws_C|tcwr_C|run_signal,
hkust,chiller_ch_06,chiller,8,8,0,0,power_W|chw_flow_m3_h|cw_flow_m3_h|tchws_C|tchwr_C|tcws_C|tcwr_C|run_signal,
hkust,chiller_ch_07,chiller,8,8,0,0,power_W|chw_flow_m3_h|cw_flow_m3_h|tchws_C|tchwr_C|tcws_C|tcwr_C|run_signal,
hkust,chiller_ch_08,chiller,8,7,0,2,power_W|chw_flow_m3_h|tchws_C|tchwr_C|tcws_C|tcwr_C|run_signal,chw_flow_m3_h|cw_flow_m3_h
hkust,chiller_ch_09,chiller,8,8,0,0,power_W|chw_flow_m3_h|cw_flow_m3_h|tchws_C|tchwr_C|tcws_C|tcwr_C|run_signal,
hkust,cooling_tower_ct1,cooling_tower,5,3,0,3,power_W|run_signal|fan1_Hz,attributed_flow_m3_h|fan1_Hz|fan2_Hz
hkust,cooling_tower_ct2,cooling_tower,5,2,0,4,power_W|run_signal,attributed_flow_m3_h|fan1_Hz|fan2_Hz|power_W
hkust,cooling_tower_ct3,cooling_tower,5,3,0,3,power_W|run_signal|fan1_Hz,attributed_flow_m3_h|fan1_Hz|fan2_Hz
hkust,cooling_tower_ct4,cooling_tower,5,3,0,3,power_W|run_signal|fan1_Hz,attributed_flow_m3_h|fan1_Hz|fan2_Hz
hkust,pump_ct1,pump,5,4,0,2,power_W|run_signal|speed_Hz|head_m,flow_m3_h|speed_Hz
hkust,pump_ct2,pump,5,3,0,3,power_W|run_signal|head_m,flow_m3_h|power_W|speed_Hz
hkust,pump_ct3,pump,5,4,0,2,power_W|run_signal|speed_Hz|head_m,flow_m3_h|speed_Hz
hkust,pump_ct4,pump,5,4,0,2,power_W|run_signal|speed_Hz|head_m,flow_m3_h|speed_Hz
hkust,pump_cwp10,pump,5,4,0,2,power_W|run_signal|speed_Hz|head_m,flow_m3_h|speed_Hz
hkust,pump_cwp11,pump,5,4,0,2,power_W|run_signal|speed_Hz|head_m,flow_m3_h|speed_Hz
hkust,pump_cwp12,pump,5,3,0,3,power_W|run_signal|head_m,flow_m3_h|power_W|speed_Hz
hkust,pump_cwp13,pump,5,4,0,2,power_W|run_signal|speed_Hz|head_m,flow_m3_h|speed_Hz
hkust,pump_cwp14,pump,5,3,2,0,power_W|run_signal|head_m,
hkust,pump_cwp15,pump,5,4,0,2,power_W|run_signal|speed_Hz|head_m,flow_m3_h|speed_Hz
hkust,pump_cwp16,pump,5,1,4,0,head_m,
hkust,pump_cwp17,pump,5,5,0,0,power_W|run_signal|speed_Hz|flow_m3_h|head_m,
hkust,pump_cwp18,pump,5,2,3,0,power_W|head_m,
hkust,pump_pp1,pump,5,4,0,2,power_W|run_signal|speed_Hz|head_m,flow_m3_h|speed_Hz
hkust,pump_pp2,pump,5,4,0,2,power_W|run_signal|speed_Hz|head_m,flow_m3_h|speed_Hz
hkust,pump_pp3,pump,5,4,0,2,power_W|run_signal|speed_Hz|head_m,flow_m3_h|speed_Hz
hkust,pump_pp4,pump,5,4,0,2,power_W|run_signal|speed_Hz|head_m,flow_m3_h|speed_Hz
hkust,pump_pp5,pump,5,4,0,2,power_W|run_signal|speed_Hz|head_m,flow_m3_h|speed_Hz
hkust,pump_pp6,pump,5,4,0,2,power_W|run_signal|speed_Hz|head_m,flow_m3_h|speed_Hz
hkust,pump_pp7,pump,5,4,0,2,power_W|run_signal|speed_Hz|head_m,flow_m3_h|speed_Hz
hkust,pump_pp8,pump,5,4,0,2,power_W|run_signal|speed_Hz|head_m,flow_m3_h|speed_Hz
hkust,pump_pp9,pump,5,4,0,2,power_W|run_signal|speed_Hz|head_m,flow_m3_h|speed_Hz
hkust,pump_swp1,pump,5,4,0,2,power_W|run_signal|speed_Hz|head_m,flow_m3_h|speed_Hz
hkust,pump_swp2,pump,5,4,0,2,power_W|run_signal|speed_Hz|head_m,flow_m3_h|speed_Hz
hkust,pump_swp3,pump,5,4,0,2,power_W|run_signal|speed_Hz|head_m,flow_m3_h|speed_Hz
hkust,pump_swp4,pump,5,4,0,2,power_W|run_signal|speed_Hz|head_m,flow_m3_h|speed_Hz
hkust,pump_swp5,pump,5,4,0,2,power_W|run_signal|speed_Hz|head_m,flow_m3_h|speed_Hz
hkust,pump_swp6,pump,5,5,0,0,power_W|run_signal|speed_Hz|flow_m3_h|head_m,
hkust,pump_swp7,pump,5,4,0,2,power_W|run_signal|speed_Hz|head_m,flow_m3_h|speed_Hz
hkust,pump_swp8,pump,5,4,0,2,power_W|run_signal|speed_Hz|head_m,flow_m3_h|speed_Hz
hkust,pump_swp9,pump,5,3,2,0,power_W|run_signal|head_m,
lbnl,chiller_chi1,chiller,9,8,1,0,power_W|tchws_C|tchwr_C|tcws_C|tcwr_C|chw_flow_m3_h|cw_flow_m3_h|load_pct,
lbnl,chiller_chi2,chiller,9,9,0,0,power_W|tchws_C|tchwr_C|tcws_C|tcwr_C|chw_flow_m3_h|cw_flow_m3_h|run_signal|load_pct,
lbnl,chiller_chi3,chiller,9,9,0,0,power_W|tchws_C|tchwr_C|tcws_C|tcwr_C|chw_flow_m3_h|cw_flow_m3_h|run_signal|load_pct,
lbnl,cooling_tower_ct1,cooling_tower,8,6,1,2,power_W|tcwr_C|tcws_1_C|twb_C|fan1_Hz|attributed_flow_m3_h,fan1_Hz|fan2_Hz
lbnl,cooling_tower_ct2,cooling_tower,8,7,0,2,power_W|tcwr_C|tcws_1_C|twb_C|fan1_Hz|attributed_flow_m3_h|run_signal,fan1_Hz|fan2_Hz
lbnl,cooling_tower_ct3,cooling_tower,8,8,0,0,power_W|tcwr_C|tcws_1_C|twb_C|fan1_Hz|fan2_Hz|attributed_flow_m3_h|run_signal,
lbnl,pump_schwp1,pump,3,2,1,0,power_W|speed_Hz,
lbnl,pump_schwp2,pump,3,3,0,0,power_W|speed_Hz|run_signal,
